[{"model": "admin.logentry", "pk": 1, "fields": {"action_time": "2022-11-21T14:25:12.531Z", "user": 1, "content_type": 6, "object_id": "1", "object_repr": "Jacket", "action_flag": 1, "change_message": "[{\"added\": {}}]"}}, {"model": "admin.logentry", "pk": 2, "fields": {"action_time": "2022-11-21T14:27:28.917Z", "user": 1, "content_type": 6, "object_id": "2", "object_repr": "Jeans", "action_flag": 1, "change_message": "[{\"added\": {}}]"}}, {"model": "admin.logentry", "pk": 3, "fields": {"action_time": "2022-11-21T14:27:56.124Z", "user": 1, "content_type": 6, "object_id": "3", "object_repr": "Shirts", "action_flag": 1, "change_message": "[{\"added\": {}}]"}}, {"model": "admin.logentry", "pk": 4, "fields": {"action_time": "2022-11-21T14:28:52.072Z", "user": 1, "content_type": 6, "object_id": "4", "object_repr": "Shoe", "action_flag": 1, "change_message": "[{\"added\": {}}]"}}, {"model": "admin.logentry", "pk": 5, "fields": {"action_time": "2022-11-21T14:29:28.823Z", "user": 1, "content_type": 6, "object_id": "5", "object_repr": "T-shirt", "action_flag": 1, "change_message": "[{\"added\": {}}]"}}, {"model": "admin.logentry", "pk": 6, "fields": {"action_time": "2022-11-23T12:50:09.214Z", "user": 1, "content_type": 8, "object_id": "1", "object_repr": "ATX Jeans", "action_flag": 1, "change_message": "[{\"added\": {}}]"}}, {"model": "admin.logentry", "pk": 7, "fields": {"action_time": "2022-11-23T12:55:00.211Z", "user": 1, "content_type": 8, "object_id": "2", "object_repr": "Blue-shirt", "action_flag": 1, "change_message": "[{\"added\": {}}]"}}, {"model": "admin.logentry", "pk": 8, "fields": {"action_time": "2022-11-23T12:56:12.049Z", "user": 1, "content_type": 8, "object_id": "3", "object_repr": "Great-T-shirt", "action_flag": 1, "change_message": "[{\"added\": {}}]"}}, {"model": "admin.logentry", "pk": 9, "fields": {"action_time": "2022-11-23T12:57:02.708Z", "user": 1, "content_type": 8, "object_id": "4", "object_repr": "Jordan-shoe", "action_flag": 1, "change_message": "[{\"added\": {}}]"}}, {"model": "admin.logentry", "pk": 10, "fields": {"action_time": "2022-11-23T12:57:53.826Z", "user": 1, "content_type": 8, "object_id": "5", "object_repr": "Mavi_Jeans", "action_flag": 1, "change_message": "[{\"added\": {}}]"}}, {"model": "admin.logentry", "pk": 11, "fields": {"action_time": "2022-11-23T12:59:00.804Z", "user": 1, "content_type": 8, "object_id": "6", "object_repr": "Puma-shoe", "action_flag": 1, "change_message": "[{\"added\": {}}]"}}, {"model": "admin.logentry", "pk": 12, "fields": {"action_time": "2022-11-23T13:00:04.866Z", "user": 1, "content_type": 8, "object_id": "7", "object_repr": "Us-polo", "action_flag": 1, "change_message": "[{\"added\": {}}]"}}, {"model": "admin.logentry", "pk": 13, "fields": {"action_time": "2022-11-23T13:01:05.639Z", "user": 1, "content_type": 8, "object_id": "8", "object_repr": "Wragler-shirt", "action_flag": 1, "change_message": "[{\"added\": {}}]"}}, {"model": "admin.logentry", "pk": 14, "fields": {"action_time": "2022-11-25T14:04:13.339Z", "user": 1, "content_type": 8, "object_id": "8", "object_repr": "Wragler-shirt", "action_flag": 2, "change_message": "[{\"changed\": {\"fields\": [\"Stock\"]}}]"}}, {"model": "admin.logentry", "pk": 15, "fields": {"action_time": "2022-11-27T15:21:51.224Z", "user": 1, "content_type": 11, "object_id": "1", "object_repr": "Red", "action_flag": 1, "change_message": "[{\"added\": {}}]"}}, {"model": "admin.logentry", "pk": 16, "fields": {"action_time": "2022-11-27T15:22:13.190Z", "user": 1, "content_type": 11, "object_id": "2", "object_repr": "Purple", "action_flag": 1, "change_message": "[{\"added\": {}}]"}}, {"model": "admin.logentry", "pk": 17, "fields": {"action_time": "2022-11-27T15:22:30.652Z", "user": 1, "content_type": 11, "object_id": "3", "object_repr": "Crimson", "action_flag": 1, "change_message": "[{\"added\": {}}]"}}, {"model": "admin.logentry", "pk": 18, "fields": {"action_time": "2022-11-27T15:22:46.991Z", "user": 1, "content_type": 11, "object_id": "4", "object_repr": "Medium", "action_flag": 1, "change_message": "[{\"added\": {}}]"}}, {"model": "admin.logentry", "pk": 19, "fields": {"action_time": "2022-11-27T15:22:59.975Z", "user": 1, "content_type": 11, "object_id": "5", "object_repr": "Large", "action_flag": 1, "change_message": "[{\"added\": {}}]"}}, {"model": "admin.logentry", "pk": 20, "fields": {"action_time": "2022-11-27T15:23:12.970Z", "user": 1, "content_type": 11, "object_id": "6", "object_repr": "Medium", "action_flag": 1, "change_message": "[{\"added\": {}}]"}}, {"model": "admin.logentry", "pk": 21, "fields": {"action_time": "2022-11-27T19:28:19.749Z", "user": 1, "content_type": 11, "object_id": "6", "object_repr": "Small", "action_flag": 2, "change_message": "[{\"changed\": {\"fields\": [\"Variation value\"]}}]"}}, {"model": "admin.logentry", "pk": 22, "fields": {"action_time": "2022-11-29T22:36:55.610Z", "user": 1, "content_type": 7, "object_id": "7", "object_repr": "tundeadegoke06@gmail.com", "action_flag": 3, "change_message": ""}}, {"model": "admin.logentry", "pk": 23, "fields": {"action_time": "2022-11-29T23:00:47.546Z", "user": 1, "content_type": 7, "object_id": "8", "object_repr": "tundeadegoke06@gmail.com", "action_flag": 3, "change_message": ""}}, {"model": "admin.logentry", "pk": 24, "fields": {"action_time": "2022-12-01T10:36:14.882Z", "user": 1, "content_type": 7, "object_id": "9", "object_repr": "tundeadegoke06@gmail.com", "action_flag": 3, "change_message": ""}}, {"model": "admin.logentry", "pk": 25, "fields": {"action_time": "2022-12-06T19:53:33.751Z", "user": 1, "content_type": 10, "object_id": "28", "object_repr": "CartItem object (28)", "action_flag": 3, "change_message": ""}}, {"model": "admin.logentry", "pk": 26, "fields": {"action_time": "2022-12-06T19:53:33.759Z", "user": 1, "content_type": 10, "object_id": "27", "object_repr": "CartItem object (27)", "action_flag": 3, "change_message": ""}}, {"model": "admin.logentry", "pk": 27, "fields": {"action_time": "2022-12-06T19:53:33.767Z", "user": 1, "content_type": 10, "object_id": "23", "object_repr": "CartItem object (23)", "action_flag": 3, "change_message": ""}}, {"model": "admin.logentry", "pk": 28, "fields": {"action_time": "2022-12-06T19:53:33.775Z", "user": 1, "content_type": 10, "object_id": "22", "object_repr": "CartItem object (22)", "action_flag": 3, "change_message": ""}}, {"model": "admin.logentry", "pk": 29, "fields": {"action_time": "2022-12-06T19:53:33.783Z", "user": 1, "content_type": 10, "object_id": "21", "object_repr": "CartItem object (21)", "action_flag": 3, "change_message": ""}}, {"model": "admin.logentry", "pk": 30, "fields": {"action_time": "2022-12-06T19:53:33.791Z", "user": 1, "content_type": 10, "object_id": "20", "object_repr": "CartItem object (20)", "action_flag": 3, "change_message": ""}}, {"model": "admin.logentry", "pk": 31, "fields": {"action_time": "2022-12-06T19:53:33.799Z", "user": 1, "content_type": 10, "object_id": "19", "object_repr": "CartItem object (19)", "action_flag": 3, "change_message": ""}}, {"model": "admin.logentry", "pk": 32, "fields": {"action_time": "2022-12-06T19:53:33.807Z", "user": 1, "content_type": 10, "object_id": "18", "object_repr": "CartItem object (18)", "action_flag": 3, "change_message": ""}}, {"model": "admin.logentry", "pk": 33, "fields": {"action_time": "2022-12-06T19:53:33.815Z", "user": 1, "content_type": 10, "object_id": "13", "object_repr": "CartItem object (13)", "action_flag": 3, "change_message": ""}}, {"model": "admin.logentry", "pk": 34, "fields": {"action_time": "2022-12-06T19:53:33.823Z", "user": 1, "content_type": 10, "object_id": "9", "object_repr": "CartItem object (9)", "action_flag": 3, "change_message": ""}}, {"model": "admin.logentry", "pk": 35, "fields": {"action_time": "2022-12-06T19:58:16.833Z", "user": 1, "content_type": 10, "object_id": "29", "object_repr": "CartItem object (29)", "action_flag": 3, "change_message": ""}}, {"model": "admin.logentry", "pk": 36, "fields": {"action_time": "2022-12-06T20:00:02.190Z", "user": 1, "content_type": 9, "object_id": "10", "object_repr": "7fcgv8oeflpzyyxn9kv9lkx2zhspkm9w", "action_flag": 3, "change_message": ""}}, {"model": "admin.logentry", "pk": 37, "fields": {"action_time": "2022-12-06T20:00:02.198Z", "user": 1, "content_type": 9, "object_id": "9", "object_repr": "md6q3hdk55gl7pykke4oa5v45wexdfs2", "action_flag": 3, "change_message": ""}}, {"model": "admin.logentry", "pk": 38, "fields": {"action_time": "2022-12-06T20:00:02.206Z", "user": 1, "content_type": 9, "object_id": "8", "object_repr": "p9c6k8a4v5s65e9oscyq7d4vpf4n0ywp", "action_flag": 3, "change_message": ""}}, {"model": "admin.logentry", "pk": 39, "fields": {"action_time": "2022-12-06T20:00:02.214Z", "user": 1, "content_type": 9, "object_id": "7", "object_repr": "tp3x8m6ye9bvrzcsx5nd62zjy04ci869", "action_flag": 3, "change_message": ""}}, {"model": "admin.logentry", "pk": 40, "fields": {"action_time": "2022-12-06T20:00:02.222Z", "user": 1, "content_type": 9, "object_id": "6", "object_repr": "28zjbarb3e047o6ln4v8ali1fhsvsk4s", "action_flag": 3, "change_message": ""}}, {"model": "admin.logentry", "pk": 41, "fields": {"action_time": "2022-12-06T20:00:02.230Z", "user": 1, "content_type": 9, "object_id": "5", "object_repr": "l61um7ba9q7e51epqxwrj49lthvjvjz5", "action_flag": 3, "change_message": ""}}, {"model": "admin.logentry", "pk": 42, "fields": {"action_time": "2022-12-06T20:00:02.246Z", "user": 1, "content_type": 9, "object_id": "4", "object_repr": "e573cuzst7fsx99kkzej756yooxxne6h", "action_flag": 3, "change_message": ""}}, {"model": "admin.logentry", "pk": 43, "fields": {"action_time": "2022-12-06T20:00:02.254Z", "user": 1, "content_type": 9, "object_id": "3", "object_repr": "tun2hrdll4m27vtt9y74qfc7at82t38t", "action_flag": 3, "change_message": ""}}, {"model": "admin.logentry", "pk": 44, "fields": {"action_time": "2022-12-06T20:00:02.262Z", "user": 1, "content_type": 9, "object_id": "2", "object_repr": "1ojthm0ki16iz1cfozyz7yiixd5q4a2z", "action_flag": 3, "change_message": ""}}, {"model": "admin.logentry", "pk": 45, "fields": {"action_time": "2022-12-06T20:00:02.270Z", "user": 1, "content_type": 9, "object_id": "1", "object_repr": "aj0k81mlxy0dgphp7j3bkmjh2uqdgjn7", "action_flag": 3, "change_message": ""}}, {"model": "admin.logentry", "pk": 46, "fields": {"action_time": "2022-12-06T20:18:48.809Z", "user": 1, "content_type": 10, "object_id": "35", "object_repr": "CartItem object (35)", "action_flag": 3, "change_message": ""}}, {"model": "admin.logentry", "pk": 47, "fields": {"action_time": "2022-12-06T20:18:48.817Z", "user": 1, "content_type": 10, "object_id": "34", "object_repr": "CartItem object (34)", "action_flag": 3, "change_message": ""}}, {"model": "admin.logentry", "pk": 48, "fields": {"action_time": "2022-12-06T20:18:48.825Z", "user": 1, "content_type": 10, "object_id": "33", "object_repr": "CartItem object (33)", "action_flag": 3, "change_message": ""}}, {"model": "admin.logentry", "pk": 49, "fields": {"action_time": "2022-12-06T20:18:48.833Z", "user": 1, "content_type": 10, "object_id": "32", "object_repr": "CartItem object (32)", "action_flag": 3, "change_message": ""}}, {"model": "admin.logentry", "pk": 50, "fields": {"action_time": "2022-12-06T20:19:06.799Z", "user": 1, "content_type": 9, "object_id": "15", "object_repr": "3j6klkhvsuckafe4p6jufzlury4bc9pt", "action_flag": 3, "change_message": ""}}, {"model": "admin.logentry", "pk": 51, "fields": {"action_time": "2022-12-06T20:19:06.807Z", "user": 1, "content_type": 9, "object_id": "14", "object_repr": "wla57dbjg3jserwuqe6adtf54axtlqz1", "action_flag": 3, "change_message": ""}}, {"model": "admin.logentry", "pk": 52, "fields": {"action_time": "2022-12-06T20:19:06.815Z", "user": 1, "content_type": 9, "object_id": "13", "object_repr": "gjzi98uvkfi5cjvx3rbf8obqtbwh7992", "action_flag": 3, "change_message": ""}}, {"model": "admin.logentry", "pk": 53, "fields": {"action_time": "2022-12-06T20:19:06.823Z", "user": 1, "content_type": 9, "object_id": "12", "object_repr": "3fb7949zdyxz8qzne1n40hscb4c2jj0n", "action_flag": 3, "change_message": ""}}, {"model": "admin.logentry", "pk": 54, "fields": {"action_time": "2022-12-06T20:19:06.831Z", "user": 1, "content_type": 9, "object_id": "11", "object_repr": "0di6ixksa1lje6cx60pjq3xn2gqp38ye", "action_flag": 3, "change_message": ""}}, {"model": "admin.logentry", "pk": 55, "fields": {"action_time": "2022-12-06T20:47:16.416Z", "user": 1, "content_type": 10, "object_id": "40", "object_repr": "CartItem object (40)", "action_flag": 3, "change_message": ""}}, {"model": "admin.logentry", "pk": 56, "fields": {"action_time": "2022-12-06T20:47:16.424Z", "user": 1, "content_type": 10, "object_id": "39", "object_repr": "CartItem object (39)", "action_flag": 3, "change_message": ""}}, {"model": "admin.logentry", "pk": 57, "fields": {"action_time": "2022-12-06T20:47:16.432Z", "user": 1, "content_type": 10, "object_id": "38", "object_repr": "CartItem object (38)", "action_flag": 3, "change_message": ""}}, {"model": "admin.logentry", "pk": 58, "fields": {"action_time": "2022-12-06T20:47:16.456Z", "user": 1, "content_type": 10, "object_id": "37", "object_repr": "CartItem object (37)", "action_flag": 3, "change_message": ""}}, {"model": "admin.logentry", "pk": 59, "fields": {"action_time": "2022-12-06T20:47:16.456Z", "user": 1, "content_type": 10, "object_id": "36", "object_repr": "CartItem object (36)", "action_flag": 3, "change_message": ""}}, {"model": "admin.logentry", "pk": 60, "fields": {"action_time": "2022-12-06T20:47:30.167Z", "user": 1, "content_type": 9, "object_id": "19", "object_repr": "zwpapw6ij8mqfmhfx1qj66xmshe51gqc", "action_flag": 3, "change_message": ""}}, {"model": "admin.logentry", "pk": 61, "fields": {"action_time": "2022-12-06T20:47:30.175Z", "user": 1, "content_type": 9, "object_id": "18", "object_repr": "85fycx0t95frfelffr0g8qcc1fm9ny4d", "action_flag": 3, "change_message": ""}}, {"model": "admin.logentry", "pk": 62, "fields": {"action_time": "2022-12-06T20:47:30.183Z", "user": 1, "content_type": 9, "object_id": "17", "object_repr": "kxdm4nj5gzsqwc11lt6mr74ljaknxmf9", "action_flag": 3, "change_message": ""}}, {"model": "admin.logentry", "pk": 63, "fields": {"action_time": "2022-12-06T20:47:30.191Z", "user": 1, "content_type": 9, "object_id": "16", "object_repr": "0h6rpv2ipzuro5q701kys3vdu97vw88y", "action_flag": 3, "change_message": ""}}, {"model": "admin.logentry", "pk": 64, "fields": {"action_time": "2022-12-06T20:48:12.202Z", "user": 1, "content_type": 10, "object_id": "41", "object_repr": "CartItem object (41)", "action_flag": 3, "change_message": ""}}, {"model": "admin.logentry", "pk": 65, "fields": {"action_time": "2022-12-07T20:01:28.314Z", "user": 1, "content_type": 10, "object_id": "50", "object_repr": "CartItem object (50)", "action_flag": 3, "change_message": ""}}, {"model": "admin.logentry", "pk": 66, "fields": {"action_time": "2022-12-07T20:01:28.322Z", "user": 1, "content_type": 10, "object_id": "49", "object_repr": "CartItem object (49)", "action_flag": 3, "change_message": ""}}, {"model": "admin.logentry", "pk": 67, "fields": {"action_time": "2022-12-07T20:01:28.330Z", "user": 1, "content_type": 10, "object_id": "48", "object_repr": "CartItem object (48)", "action_flag": 3, "change_message": ""}}, {"model": "admin.logentry", "pk": 68, "fields": {"action_time": "2022-12-07T20:01:28.338Z", "user": 1, "content_type": 10, "object_id": "47", "object_repr": "CartItem object (47)", "action_flag": 3, "change_message": ""}}, {"model": "admin.logentry", "pk": 69, "fields": {"action_time": "2022-12-07T20:01:28.346Z", "user": 1, "content_type": 10, "object_id": "46", "object_repr": "CartItem object (46)", "action_flag": 3, "change_message": ""}}, {"model": "admin.logentry", "pk": 70, "fields": {"action_time": "2022-12-07T20:01:28.354Z", "user": 1, "content_type": 10, "object_id": "45", "object_repr": "CartItem object (45)", "action_flag": 3, "change_message": ""}}, {"model": "admin.logentry", "pk": 71, "fields": {"action_time": "2022-12-07T20:01:28.362Z", "user": 1, "content_type": 10, "object_id": "44", "object_repr": "CartItem object (44)", "action_flag": 3, "change_message": ""}}, {"model": "admin.logentry", "pk": 72, "fields": {"action_time": "2022-12-07T20:01:28.370Z", "user": 1, "content_type": 10, "object_id": "42", "object_repr": "CartItem object (42)", "action_flag": 3, "change_message": ""}}, {"model": "admin.logentry", "pk": 73, "fields": {"action_time": "2022-12-07T20:01:40.284Z", "user": 1, "content_type": 9, "object_id": "27", "object_repr": "w7i9sqyrhfg7xdk0z4xph84zkt4zrhtt", "action_flag": 3, "change_message": ""}}, {"model": "admin.logentry", "pk": 74, "fields": {"action_time": "2022-12-07T20:01:40.292Z", "user": 1, "content_type": 9, "object_id": "26", "object_repr": "pauauitod94usn2b3hduhjpoe71k1lwf", "action_flag": 3, "change_message": ""}}, {"model": "admin.logentry", "pk": 75, "fields": {"action_time": "2022-12-07T20:01:40.300Z", "user": 1, "content_type": 9, "object_id": "25", "object_repr": "ptt130swjb8o7amc3r5w0crkt5mel433", "action_flag": 3, "change_message": ""}}, {"model": "admin.logentry", "pk": 76, "fields": {"action_time": "2022-12-07T20:01:40.308Z", "user": 1, "content_type": 9, "object_id": "24", "object_repr": "464nelanxktav8ui2qehjlczqn9z8g7k", "action_flag": 3, "change_message": ""}}, {"model": "admin.logentry", "pk": 77, "fields": {"action_time": "2022-12-07T20:01:40.316Z", "user": 1, "content_type": 9, "object_id": "23", "object_repr": "p7h58b9vbekbveyluk0qetnlwfbfogqu", "action_flag": 3, "change_message": ""}}, {"model": "admin.logentry", "pk": 78, "fields": {"action_time": "2022-12-07T20:01:40.324Z", "user": 1, "content_type": 9, "object_id": "22", "object_repr": "7fnqm3x2hnod5mtr2t8jzqhdlwwo9pbe", "action_flag": 3, "change_message": ""}}, {"model": "admin.logentry", "pk": 79, "fields": {"action_time": "2022-12-07T20:01:40.332Z", "user": 1, "content_type": 9, "object_id": "21", "object_repr": "tdqu3zwg1mw2u9e94d0f2xstnqapittw", "action_flag": 3, "change_message": ""}}, {"model": "admin.logentry", "pk": 80, "fields": {"action_time": "2022-12-07T20:01:40.340Z", "user": 1, "content_type": 9, "object_id": "20", "object_repr": "rfpn71vf6xzthnkoevlr0gde6w48kypl", "action_flag": 3, "change_message": ""}}, {"model": "admin.logentry", "pk": 81, "fields": {"action_time": "2022-12-07T20:31:25.579Z", "user": 1, "content_type": 9, "object_id": "28", "object_repr": "l07bhe9jw4inop1og91cvqkp7xce44aj", "action_flag": 3, "change_message": ""}}, {"model": "admin.logentry", "pk": 82, "fields": {"action_time": "2022-12-07T20:38:02.821Z", "user": 1, "content_type": 10, "object_id": "52", "object_repr": "CartItem object (52)", "action_flag": 3, "change_message": ""}}, {"model": "admin.logentry", "pk": 83, "fields": {"action_time": "2022-12-07T20:38:14.588Z", "user": 1, "content_type": 9, "object_id": "29", "object_repr": "py8otg7lzzkn34wlfxp1xirimhezfzla", "action_flag": 3, "change_message": ""}}, {"model": "admin.logentry", "pk": 84, "fields": {"action_time": "2022-12-18T11:52:26.417Z", "user": 1, "content_type": 7, "object_id": "10", "object_repr": "tundeadegoke06@gmail.com", "action_flag": 3, "change_message": ""}}, {"model": "admin.logentry", "pk": 85, "fields": {"action_time": "2022-12-18T12:01:08.401Z", "user": 1, "content_type": 7, "object_id": "12", "object_repr": "tundeadegoke06@gmail.com", "action_flag": 3, "change_message": ""}}, {"model": "admin.logentry", "pk": 86, "fields": {"action_time": "2022-12-19T14:44:08.686Z", "user": 1, "content_type": 7, "object_id": "13", "object_repr": "tundeadegoke06@gmail.com", "action_flag": 3, "change_message": ""}}, {"model": "auth.permission", "pk": 1, "fields": {"name": "Can add log entry", "content_type": 1, "codename": "add_logentry"}}, {"model": "auth.permission", "pk": 2, "fields": {"name": "Can change log entry", "content_type": 1, "codename": "change_logentry"}}, {"model": "auth.permission", "pk": 3, "fields": {"name": "Can delete log entry", "content_type": 1, "codename": "delete_logentry"}}, {"model": "auth.permission", "pk": 4, "fields": {"name": "Can view log entry", "content_type": 1, "codename": "view_logentry"}}, {"model": "auth.permission", "pk": 5, "fields": {"name": "Can add permission", "content_type": 2, "codename": "add_permission"}}, {"model": "auth.permission", "pk": 6, "fields": {"name": "Can change permission", "content_type": 2, "codename": "change_permission"}}, {"model": "auth.permission", "pk": 7, "fields": {"name": "Can delete permission", "content_type": 2, "codename": "delete_permission"}}, {"model": "auth.permission", "pk": 8, "fields": {"name": "Can view permission", "content_type": 2, "codename": "view_permission"}}, {"model": "auth.permission", "pk": 9, "fields": {"name": "Can add group", "content_type": 3, "codename": "add_group"}}, {"model": "auth.permission", "pk": 10, "fields": {"name": "Can change group", "content_type": 3, "codename": "change_group"}}, {"model": "auth.permission", "pk": 11, "fields": {"name": "Can delete group", "content_type": 3, "codename": "delete_group"}}, {"model": "auth.permission", "pk": 12, "fields": {"name": "Can view group", "content_type": 3, "codename": "view_group"}}, {"model": "auth.permission", "pk": 13, "fields": {"name": "Can add content type", "content_type": 4, "codename": "add_contenttype"}}, {"model": "auth.permission", "pk": 14, "fields": {"name": "Can change content type", "content_type": 4, "codename": "change_contenttype"}}, {"model": "auth.permission", "pk": 15, "fields": {"name": "Can delete content type", "content_type": 4, "codename": "delete_contenttype"}}, {"model": "auth.permission", "pk": 16, "fields": {"name": "Can view content type", "content_type": 4, "codename": "view_contenttype"}}, {"model": "auth.permission", "pk": 17, "fields": {"name": "Can add session", "content_type": 5, "codename": "add_session"}}, {"model": "auth.permission", "pk": 18, "fields": {"name": "Can change session", "content_type": 5, "codename": "change_session"}}, {"model": "auth.permission", "pk": 19, "fields": {"name": "Can delete session", "content_type": 5, "codename": "delete_session"}}, {"model": "auth.permission", "pk": 20, "fields": {"name": "Can view session", "content_type": 5, "codename": "view_session"}}, {"model": "auth.permission", "pk": 21, "fields": {"name": "Can add Cartegory", "content_type": 6, "codename": "add_cartegory"}}, {"model": "auth.permission", "pk": 22, "fields": {"name": "Can change Cartegory", "content_type": 6, "codename": "change_cartegory"}}, {"model": "auth.permission", "pk": 23, "fields": {"name": "Can delete Cartegory", "content_type": 6, "codename": "delete_cartegory"}}, {"model": "auth.permission", "pk": 24, "fields": {"name": "Can view Cartegory", "content_type": 6, "codename": "view_cartegory"}}, {"model": "auth.permission", "pk": 25, "fields": {"name": "Can add account", "content_type": 7, "codename": "add_account"}}, {"model": "auth.permission", "pk": 26, "fields": {"name": "Can change account", "content_type": 7, "codename": "change_account"}}, {"model": "auth.permission", "pk": 27, "fields": {"name": "Can delete account", "content_type": 7, "codename": "delete_account"}}, {"model": "auth.permission", "pk": 28, "fields": {"name": "Can view account", "content_type": 7, "codename": "view_account"}}, {"model": "auth.permission", "pk": 29, "fields": {"name": "Can add product", "content_type": 8, "codename": "add_product"}}, {"model": "auth.permission", "pk": 30, "fields": {"name": "Can change product", "content_type": 8, "codename": "change_product"}}, {"model": "auth.permission", "pk": 31, "fields": {"name": "Can delete product", "content_type": 8, "codename": "delete_product"}}, {"model": "auth.permission", "pk": 32, "fields": {"name": "Can view product", "content_type": 8, "codename": "view_product"}}, {"model": "auth.permission", "pk": 33, "fields": {"name": "Can add cart", "content_type": 9, "codename": "add_cart"}}, {"model": "auth.permission", "pk": 34, "fields": {"name": "Can change cart", "content_type": 9, "codename": "change_cart"}}, {"model": "auth.permission", "pk": 35, "fields": {"name": "Can delete cart", "content_type": 9, "codename": "delete_cart"}}, {"model": "auth.permission", "pk": 36, "fields": {"name": "Can view cart", "content_type": 9, "codename": "view_cart"}}, {"model": "auth.permission", "pk": 37, "fields": {"name": "Can add cart item", "content_type": 10, "codename": "add_cartitem"}}, {"model": "auth.permission", "pk": 38, "fields": {"name": "Can change cart item", "content_type": 10, "codename": "change_cartitem"}}, {"model": "auth.permission", "pk": 39, "fields": {"name": "Can delete cart item", "content_type": 10, "codename": "delete_cartitem"}}, {"model": "auth.permission", "pk": 40, "fields": {"name": "Can view cart item", "content_type": 10, "codename": "view_cartitem"}}, {"model": "auth.permission", "pk": 41, "fields": {"name": "Can add variation", "content_type": 11, "codename": "add_variation"}}, {"model": "auth.permission", "pk": 42, "fields": {"name": "Can change variation", "content_type": 11, "codename": "change_variation"}}, {"model": "auth.permission", "pk": 43, "fields": {"name": "Can delete variation", "content_type": 11, "codename": "delete_variation"}}, {"model": "auth.permission", "pk": 44, "fields": {"name": "Can view variation", "content_type": 11, "codename": "view_variation"}}, {"model": "auth.permission", "pk": 45, "fields": {"name": "Can add order product", "content_type": 12, "codename": "add_orderproduct"}}, {"model": "auth.permission", "pk": 46, "fields": {"name": "Can change order product", "content_type": 12, "codename": "change_orderproduct"}}, {"model": "auth.permission", "pk": 47, "fields": {"name": "Can delete order product", "content_type": 12, "codename": "delete_orderproduct"}}, {"model": "auth.permission", "pk": 48, "fields": {"name": "Can view order product", "content_type": 12, "codename": "view_orderproduct"}}, {"model": "auth.permission", "pk": 49, "fields": {"name": "Can add order", "content_type": 13, "codename": "add_order"}}, {"model": "auth.permission", "pk": 50, "fields": {"name": "Can change order", "content_type": 13, "codename": "change_order"}}, {"model": "auth.permission", "pk": 51, "fields": {"name": "Can delete order", "content_type": 13, "codename": "delete_order"}}, {"model": "auth.permission", "pk": 52, "fields": {"name": "Can view order", "content_type": 13, "codename": "view_order"}}, {"model": "auth.permission", "pk": 53, "fields": {"name": "Can add payment", "content_type": 14, "codename": "add_payment"}}, {"model": "auth.permission", "pk": 54, "fields": {"name": "Can change payment", "content_type": 14, "codename": "change_payment"}}, {"model": "auth.permission", "pk": 55, "fields": {"name": "Can delete payment", "content_type": 14, "codename": "delete_payment"}}, {"model": "auth.permission", "pk": 56, "fields": {"name": "Can view payment", "content_type": 14, "codename": "view_payment"}}, {"model": "contenttypes.contenttype", "pk": 1, "fields": {"app_label": "admin", "model": "logentry"}}, {"model": "contenttypes.contenttype", "pk": 2, "fields": {"app_label": "auth", "model": "permission"}}, {"model": "contenttypes.contenttype", "pk": 3, "fields": {"app_label": "auth", "model": "group"}}, {"model": "contenttypes.contenttype", "pk": 4, "fields": {"app_label": "contenttypes", "model": "contenttype"}}, {"model": "contenttypes.contenttype", "pk": 5, "fields": {"app_label": "sessions", "model": "session"}}, {"model": "contenttypes.contenttype", "pk": 6, "fields": {"app_label": "cartegory", "model": "cartegory"}}, {"model": "contenttypes.contenttype", "pk": 7, "fields": {"app_label": "accounts", "model": "account"}}, {"model": "contenttypes.contenttype", "pk": 8, "fields": {"app_label": "store", "model": "product"}}, {"model": "contenttypes.contenttype", "pk": 9, "fields": {"app_label": "cart", "model": "cart"}}, {"model": "contenttypes.contenttype", "pk": 10, "fields": {"app_label": "cart", "model": "cartitem"}}, {"model": "contenttypes.contenttype", "pk": 11, "fields": {"app_label": "store", "model": "variation"}}, {"model": "contenttypes.contenttype", "pk": 12, "fields": {"app_label": "order", "model": "orderproduct"}}, {"model": "contenttypes.contenttype", "pk": 13, "fields": {"app_label": "order", "model": "order"}}, {"model": "contenttypes.contenttype", "pk": 14, "fields": {"app_label": "order", "model": "payment"}}, {"model": "sessions.session", "pk": "1d65w1osr5xqlgvtgxww5945ai9g7ia3", "fields": {"session_data": ".eJxVjUEOwiAURO_C2pAPHwRcuu8ZCHxQqgaS0q6Md5cmXehuMvNm5s182Nbit54XPyd2YY6dfr0Y6JnrHqRHqPfGqdV1mSPfEX6knU8t5df1YP8GSuhltFEbQolJgqagLICJgjJilsJqDbcz2KyVAKeHUGAcAlmBMiaj5Lhhny-s0zZr:1p09rQ:7_Jwkw_gJ4POTsSx6JFBzwQupJwdV_FNS3aeraLN-30", "expire_date": "2022-12-13T23:17:56.748Z"}}, {"model": "sessions.session", "pk": "1ojthm0ki16iz1cfozyz7yiixd5q4a2z", "fields": {"session_data": ".eJxVjDsOwjAQBe_iGlnxLv6Ekj5niNbZNQ4gW4qTCnF3iJQC2jcz76VG2tY8bk2WcWZ1UUadfrdI00PKDvhO5Vb1VMu6zFHvij5o00NleV4P9-8gU8vfmjwbg4AYEBMkG0ywAJz66JAZhHsbxIh0cPbosOPkDHnrHKcYWES9P8VTN60:1oyZIy:JkjoEPnoXChjA9iLFyVAud90cKikp9gkOCCndWtMOZQ", "expire_date": "2022-12-09T14:03:48.113Z"}}, {"model": "sessions.session", "pk": "55goemg3awj1n8gj9mf8xzgiiev7k1ci", "fields": {"session_data": ".eJxVjEEOwiAQRe_C2pAppdC6dO8ZyDAzSNVAUtqV8e7apAvd_vfef6mA25rD1mQJM6uz6pw6_Y4R6SFlJ3zHcquaalmXOepd0Qdt-lpZnpfD_TvI2PK3NpKSoWjZOEtWhHsgwzhSkoSTNwSYkkPvPXWWeLTQR_QGECeAQQb1_gBJbzlC:1pAJ6j:6uscllTbuZLN0kBxxU62eW0d27eFhg2KUiUBzeOqSGU", "expire_date": "2023-01-10T23:11:41.738Z"}}, {"model": "sessions.session", "pk": "5x6o0i5bfsv8p0olf9f53d22pkbvgle0", "fields": {"session_data": ".eJxtjEsOAiEQBe_C2hCaTxNcuvcMpPnJqIFkGFbGu-skszFx-6rqvdhcEjszEOzEPM2t-jny6v-OgeIjt52kO7Vb57G3bV0C3xV-0MGvPeXn5XB_DiqN-q1DiYKkM-RyhGSKsAoURHSoyBl0QjiwpIEIIYaMuki0WmOyQUmjiL0_ylI59g:1p0gzN:heCd3glHH5D0klsdYnrJHT9fQR0ochUG_LelkQOktng", "expire_date": "2022-12-15T10:40:21.559Z"}}, {"model": "sessions.session", "pk": "89s1arx2y8xvk1qcl4y2jlrzxl4trwv4", "fields": {"session_data": "e30:1pAIPk:F8l_fajAF80jCQ1ZIG2wKTLFzdC6zOuk8mX9PPg4lCU", "expire_date": "2023-01-10T22:27:16.486Z"}}, {"model": "sessions.session", "pk": "cxrlfsv5vxeumarnrswsgauk719zi332", "fields": {"session_data": ".eJxVjDsOwjAQBe_iGlnxLv6Ekj5niNbZNQ4gW4qTCnF3iJQC2jcz76VG2tY8bk2WcWZ1UUadfrdI00PKDvhO5Vb1VMu6zFHvij5o00NleV4P9-8gU8vfmjwbg4AYEBMkG0ywAJz66JAZhHsbxIh0cPbosOPkDHnrHKcYWES9P8VTN60:1p0gv7:CDI3a3y_vqkhZqbQZ1WnWFvciJ0eBGrSSYI-8S1hflw", "expire_date": "2022-12-15T10:35:57.002Z"}}, {"model": "sessions.session", "pk": "fat5rglvwt2dqmxcr8bsg3t7cpjsvrwu", "fields": {"session_data": "e30:1p09CO:IALwydoBySsHSfRFPb7dlHLT5TwtdnZrmyVUIv5gT3g", "expire_date": "2022-12-13T22:35:32.970Z"}}, {"model": "sessions.session", "pk": "i8sftfjejo4cfvl9wma08k77976ucppz", "fields": {"session_data": ".eJxVjMEOwiAQRP-FsyGUQlk8eu83kGUXpGpoUtqT8d9tkx70Npn3Zt4i4LaWsLW0hInFVXTi8ttFpGeqB-AH1vssaa7rMkV5KPKkTY4zp9ftdP8OCrayr22GaLx1OJDXqnea9uBBkdLWezRkDYPXvQGXGSBqZkVuSEzR5C478fkCw_c3mA:1p7HMg:3tynZfYfU1GxIes07NveciGgF4JqfKR5_R_SOGVyUjs", "expire_date": "2023-01-02T14:43:38.139Z"}}, {"model": "sessions.session", "pk": "ibvlx4d5oa24ir51qi2nwtr7r3bielq0", "fields": {"session_data": ".eJxVjDsOwjAQBe_iGlnxLv6Ekj5niNbZNQ4gW4qTCnF3iJQC2jcz76VG2tY8bk2WcWZ1UUadfrdI00PKDvhO5Vb1VMu6zFHvij5o00NleV4P9-8gU8vfmjwbg4AYEBMkG0ywAJz66JAZhHsbxIh0cPbosOPkDHnrHKcYWES9P8VTN60:1ox7Vt:aj23qFfIimn3BhgdFTkYUWTU3jwSHvAq1BCvoAy3Q08", "expire_date": "2022-12-05T14:11:09.355Z"}}, {"model": "sessions.session", "pk": "iebk0gcqc4hgjvab72gqvstczf7o6ftb", "fields": {"session_data": ".eJxVjMEOwiAQRP-FsyGUQlk8eu83kGUXpGpoUtqT8d9tkx70Npn3Zt4i4LaWsLW0hInFVXTi8ttFpGeqB-AH1vssaa7rMkV5KPKkTY4zp9ftdP8OCrayr22GaLx1OJDXqnea9uBBkdLWezRkDYPXvQGXGSBqZkVuSEzR5C478fkCw_c3mA:1p6roL:MSDMjKHFBMczvwxxewUK8x8O535UqQV4WHmDausi62o", "expire_date": "2023-01-01T11:26:29.982Z"}}, {"model": "sessions.session", "pk": "kjqmozndkhb2uwiux2qwcir4jf2a8k2i", "fields": {"session_data": ".eJxVjMEOwiAQRP-FsyGUQlk8eu83kGUXpGpoUtqT8d9tkx70Npn3Zt4i4LaWsLW0hInFVXTi8ttFpGeqB-AH1vssaa7rMkV5KPKkTY4zp9ftdP8OCrayr22GaLx1OJDXqnea9uBBkdLWezRkDYPXvQGXGSBqZkVuSEzR5C478fkCw_c3mA:1p5kMZ:1j_g0DPWrfuV9Pt4PUBgtPd1fzGdknSsGu5gpDR0kV4", "expire_date": "2022-12-29T09:17:11.570Z"}}, {"model": "sessions.session", "pk": "l61um7ba9q7e51epqxwrj49lthvjvjz5", "fields": {"session_data": ".eJxVjDsOwjAQBe_iGlnxLv6Ekj5niNbZNQ4gW4qTCnF3iJQC2jcz76VG2tY8bk2WcWZ1UUadfrdI00PKDvhO5Vb1VMu6zFHvij5o00NleV4P9-8gU8vfmjwbg4AYEBMkG0ywAJz66JAZhHsbxIh0cPbosOPkDHnrHKcYWES9P8VTN60:1ozJSZ:cFYZpNSRDztTBnj4D9qyvF2zS9tkWBFbbSkr2NB8Sdc", "expire_date": "2022-12-11T15:20:47.751Z"}}, {"model": "sessions.session", "pk": "lk5882r260ba2e71nsktfdvgnamvs79d", "fields": {"session_data": ".eJxVjMEOwiAQRP-FsyEUFhc8evcbyLIstmrapLQn47_bJj3obTLvzbxVonXp09pkTkNRF9U5dfotM_FTxp2UB433SfM0LvOQ9a7ogzZ9m4q8rof7d9BT67c1sAfE7AzgOdhQg9QI0QNXbyxaFo-CxsUtuQ6LQ0vBM0HnIgBZUZ8v3CA2-w:1p6sNB:Xy2FohpVU8bK8p3LRAcd4Ucc-yafUym4gxtivxw7jvM", "expire_date": "2023-01-01T12:02:29.455Z"}}, {"model": "sessions.session", "pk": "nmvhki6i0aor4pwfeivx0gu927e2j5n3", "fields": {"session_data": ".eJxVjDsOwjAQBe_iGlnxLv6Ekj5niNbZNQ4gW4qTCnF3iJQC2jcz76VG2tY8bk2WcWZ1UUadfrdI00PKDvhO5Vb1VMu6zFHvij5o00NleV4P9-8gU8vfmjwbg4AYEBMkG0ywAJz66JAZhHsbxIh0cPbosOPkDHnrHKcYWES9P8VTN60:1oxp9P:wfYVtJdVDHnChoDr-sP4_-KrdR0kBgwdsMeGMbEQjOk", "expire_date": "2022-12-07T12:46:51.068Z"}}, {"model": "sessions.session", "pk": "onnb4h2imtok1hhhb1r69tnhroqfs6yy", "fields": {"session_data": ".eJxVjMEOwiAQRP-FsyGUQlk8eu83kGUXpGpoUtqT8d9tkx70Npn3Zt4i4LaWsLW0hInFVXTi8ttFpGeqB-AH1vssaa7rMkV5KPKkTY4zp9ftdP8OCrayr22GaLx1OJDXqnea9uBBkdLWezRkDYPXvQGXGSBqZkVuSEzR5C478fkCw_c3mA:1p7Hfy:RvVp4BkqntIoYWpgTk5QJN8Ih44SO8dsm3cO18dlKTg", "expire_date": "2023-01-02T15:03:34.704Z"}}, {"model": "sessions.session", "pk": "tnuizx4cy47hgrkd7u2ycdkb3wlax8wa", "fields": {"session_data": ".eJxVjMEOwiAQRP-FsyGUQlk8eu83kGUXpGpoUtqT8d9tkx70Npn3Zt4i4LaWsLW0hInFVXTi8ttFpGeqB-AH1vssaa7rMkV5KPKkTY4zp9ftdP8OCrayr22GaLx1OJDXqnea9uBBkdLWezRkDYPXvQGXGSBqZkVuSEzR5C478fkCw_c3mA:1pAHxa:GrxYhgW5PMuhJKO5ffe1hOprMii2g90_VDofJB80Cfg", "expire_date": "2023-01-10T21:58:10.461Z"}}, {"model": "sessions.session", "pk": "w0eytj6pvksl9n1rz0ydxi161xjzqits", "fields": {"session_data": "e30:1oyXcW:YHfIjUwq5IGWDvg6aj7KSp3464B8UD5qxwe60h-9ZYM", "expire_date": "2022-12-09T12:15:52.805Z"}}, {"model": "sessions.session", "pk": "wqaa9y0kfxly968rcjkynejn2rbgr93u", "fields": {"session_data": ".eJxVjEEOwiAQAP_C2ZAVFwSP3n0DWWBXqoYmpT0Z_25IetDrzGTeKtK21rh1XuJU1EUdrTr8wkT5yW2Y8qB2n3We27pMSY9E77br21z4dd3bv0GlXscXDXOwZEJAIXaECJLZgriE_iSBjffoMoHgWdCKE0AOxACWgER9vg9nOHA:1p7HcO:GD58FRhuiW78qe9X438iyBdqoO1qFmpnzf3FzrcNsqY", "expire_date": "2023-01-02T14:59:52.126Z"}}, {"model": "sessions.session", "pk": "xdyww5fckmlgsvgsx21ggvuvvejt8d1s", "fields": {"session_data": "e30:1oyXci:RZ44dRSMDEE4Pxx90opRks9WGKD63-EyvGT2UB-RSK4", "expire_date": "2022-12-09T12:16:04.027Z"}}, {"model": "sessions.session", "pk": "y0g73fbasygamnczcs59vdhbbxx71ja1", "fields": {"session_data": ".eJxVjDsOwjAQBe_iGlnxLv6Ekj5niNbZNQ4gW4qTCnF3iJQC2jcz76VG2tY8bk2WcWZ1UUadfrdI00PKDvhO5Vb1VMu6zFHvij5o00NleV4P9-8gU8vfmjwbg4AYEBMkG0ywAJz66JAZhHsbxIh0cPbosOPkDHnrHKcYWES9P8VTN60:1p31Ih:C2GK1eh143q3chBze8QcqGiF7vs7hGq5NYTVxK33Y0s", "expire_date": "2022-12-21T20:45:55.501Z"}}, {"model": "sessions.session", "pk": "y3lkm4ud9yeiwgv3pnqemt55peuf90eo", "fields": {"session_data": ".eJxVjMEOwiAQRP-FsyGUQlk8eu83kGUXpGpoUtqT8d9tkx70Npn3Zt4i4LaWsLW0hInFVXTi8ttFpGeqB-AH1vssaa7rMkV5KPKkTY4zp9ftdP8OCrayr22GaLx1OJDXqnea9uBBkdLWezRkDYPXvQGXGSBqZkVuSEzR5C478fkCw_c3mA:1p6qu6:ZmkTUMYMZXoUb1DMzTheYoDao1KyKsQD8qGSq7k7lds", "expire_date": "2023-01-01T10:28:22.016Z"}}, {"model": "sessions.session", "pk": "zv9qprbm21h8plsmp0ztffwniwqhlnt1", "fields": {"session_data": ".eJxVjDsOwjAQBe_iGlnxLv6Ekj5niNbZNQ4gW4qTCnF3iJQC2jcz76VG2tY8bk2WcWZ1UUadfrdI00PKDvhO5Vb1VMu6zFHvij5o00NleV4P9-8gU8vfmjwbg4AYEBMkG0ywAJz66JAZhHsbxIh0cPbosOPkDHnrHKcYWES9P8VTN60:1p4kn9:B-GDrJhcT7tcgZWVHy4qICVdxGkXHYmaFVGSkTpbJmc", "expire_date": "2022-12-26T15:32:31.221Z"}}, {"model": "cartegory.cartegory", "pk": 1, "fields": {"cartegory_name": "Jacket", "slug": "jacket", "description": "A very nice Jacket", "cart_image": "photos/cartegories/jackets.jpg"}}, {"model": "cartegory.cartegory", "pk": 2, "fields": {"cartegory_name": "Jeans", "slug": "jeans", "description": "A very nice jean", "cart_image": "photos/cartegories/jeans.jpg"}}, {"model": "cartegory.cartegory", "pk": 3, "fields": {"cartegory_name": "Shirts", "slug": "shirts", "description": "A very nice shirt", "cart_image": "photos/cartegories/shirts.jpg"}}, {"model": "cartegory.cartegory", "pk": 4, "fields": {"cartegory_name": "Shoe", "slug": "shoe", "description": "A very nice shoe", "cart_image": "photos/cartegories/shoes.png"}}, {"model": "cartegory.cartegory", "pk": 5, "fields": {"cartegory_name": "T-shirt", "slug": "t-shirt", "description": "A very nice T-shirt", "cart_image": "photos/cartegories/tshirts.jpg"}}, {"model": "accounts.account", "pk": 1, "fields": {"password": "pbkdf2_sha256$320000$JdDX2ESAUdLaCswGFTQXSg$1yp7pooOxU3pLj6m/ZpBo/Og/VmCsHmmED8m4Vx5Hjg=", "username": "adegoke", "first_name": "adegoke", "last_name": "babatunde", "phone_number": "", "email": "adegoke@yahoo.com", "date_joined": "2022-11-21T14:10:38.212Z", "last_login": "2022-12-27T21:58:10.445Z", "is_active": true, "is_staff": true, "is_superadmin": true, "is_admin": true}}, {"model": "accounts.account", "pk": 2, "fields": {"password": "pbkdf2_sha256$390000$8A5puqHeMOS090TuUygrwV$wP1GDZ+PhumnDm5UJU/OcQNWYk0MwkzsK5rwPlZVpPA=", "username": "naski", "first_name": "Naski", "last_name": "Nero", "phone_number": "32947453832", "email": "naski@yahoo.com", "date_joined": "2022-11-29T05:30:14.172Z", "last_login": "2022-11-29T05:30:14.196Z", "is_active": false, "is_staff": false, "is_superadmin": false, "is_admin": false}}, {"model": "accounts.account", "pk": 3, "fields": {"password": "pbkdf2_sha256$390000$PfAhXemk4AHswD6rUevMAJ$HBgZ/euvL0LKXggfRmnWJYU+W8qo2dvjo+TD4wBSIJs=", "username": "tope", "first_name": "tope", "last_name": "tola", "phone_number": "32947453832", "email": "tope@yahoo.com", "date_joined": "2022-11-29T05:44:08.150Z", "last_login": "2022-11-29T05:44:08.174Z", "is_active": false, "is_staff": false, "is_superadmin": false, "is_admin": false}}, {"model": "accounts.account", "pk": 4, "fields": {"password": "pbkdf2_sha256$390000$OwM1DqtfW4u1C7fJZXM0DF$xKiSJVRQ265B4BEuPKo+MilIxXSQw/5ukGtT/C1u9Cc=", "username": "shope", "first_name": "Shope", "last_name": "Tosin", "phone_number": "098645538456", "email": "shope@yahoo.com", "date_joined": "2022-11-29T06:12:51.996Z", "last_login": "2022-11-29T06:12:52.020Z", "is_active": false, "is_staff": false, "is_superadmin": false, "is_admin": false}}, {"model": "accounts.account", "pk": 5, "fields": {"password": "pbkdf2_sha256$390000$mFrUluf7FElWnuubqXsy3s$0Ul9tFdAbwuJRzocuXjGeeYGXve4gWk374kItUBZvso=", "username": "tunde", "first_name": "tunde", "last_name": "Olusola", "phone_number": "76646494", "email": "tunde@yahoo.com", "date_joined": "2022-11-29T06:25:42.959Z", "last_login": "2022-11-29T06:25:42.975Z", "is_active": false, "is_staff": false, "is_superadmin": false, "is_admin": false}}, {"model": "accounts.account", "pk": 6, "fields": {"password": "pbkdf2_sha256$390000$o2uN2KnFY7YcLQEmOW0IXe$yY3Sz+Ic209Oco6h/8m1xKGLcDa7HBxzEdGYQwf45Ic=", "username": "fola", "first_name": "fola", "last_name": "shade", "phone_number": "5485935436", "email": "fola@yahoo.com", "date_joined": "2022-11-29T06:27:36.278Z", "last_login": "2022-11-29T06:27:36.286Z", "is_active": false, "is_staff": false, "is_superadmin": false, "is_admin": false}}, {"model": "accounts.account", "pk": 11, "fields": {"password": "pbkdf2_sha256$320000$JHL2M6ondbsviIKFbxxTkS$vcW1bCp3cBfa01j5F1y7NyhGFSNTGVd7SL6Ht3WjwyI=", "username": "finemdomains", "first_name": "wale", "last_name": "ola", "phone_number": "08029704730", "email": "finemdomains@gmail.com", "date_joined": "2022-12-18T11:45:27.509Z", "last_login": "2022-12-18T11:47:07.711Z", "is_active": true, "is_staff": false, "is_superadmin": false, "is_admin": false}}, {"model": "accounts.account", "pk": 14, "fields": {"password": "pbkdf2_sha256$320000$G4b28su3F3yndXaxEyGHUB$sqmsyniKHdYPuB3pDAEyqMnWDOsWgio2OR2HUJVBteY=", "username": "tundeadegoke06", "first_name": "adegoke", "last_name": "babatunde", "phone_number": "08165717300", "email": "tundeadegoke06@gmail.com", "date_joined": "2022-12-19T14:45:51.075Z", "last_login": "2022-12-27T21:58:52.514Z", "is_active": true, "is_staff": false, "is_superadmin": false, "is_admin": false}}, {"model": "accounts.account", "pk": 15, "fields": {"password": "pbkdf2_sha256$320000$0L9hqxYDhdYGUIIn9HpoFB$Lv2h/joBtA+Cp0zPQnxAs3nZeMUnE60x9FdhcM2ERmU=", "username": "nwadiutochidiogo", "first_name": "chidiogo", "last_name": "ogbonna", "phone_number": "08037366294", "email": "nwadiutochidiogo@gmail.com", "date_joined": "2022-12-19T14:54:08.077Z", "last_login": "2022-12-19T14:59:52.118Z", "is_active": true, "is_staff": false, "is_superadmin": false, "is_admin": false}}, {"model": "accounts.account", "pk": 16, "fields": {"password": "pbkdf2_sha256$320000$hcqkjpO5ii2uFkPaN4BOiK$tuU6qjC9aUxI9e3YepD6QTN8cSQ6X7N97nqVMhg9jhE=", "username": "adegokebabatundeolusola", "first_name": "tunde", "last_name": "adegoke", "phone_number": "08165717300", "email": "adegokebabatundeolusola@gmail.com", "date_joined": "2022-12-27T23:10:54.447Z", "last_login": "2022-12-27T23:11:41.726Z", "is_active": true, "is_staff": false, "is_superadmin": false, "is_admin": false}}, {"model": "store.product", "pk": 1, "fields": {"product_name": "ATX Jeans", "slug": "atx-jeans", "price": 300, "stock": 10, "description": "A very nice jean", "created_date": "2022-11-23T12:50:09.208Z", "modify_date": "2022-11-23T12:50:09.209Z", "is_available": true, "images": "photos/products/ATX-Jeans.jpg", "cartegory": 2}}, {"model": "store.product", "pk": 2, "fields": {"product_name": "Blue-shirt", "slug": "blue-shirt", "price": 270, "stock": 5, "description": "A very nice shirt", "created_date": "2022-11-23T12:55:00.206Z", "modify_date": "2022-11-23T12:55:00.206Z", "is_available": true, "images": "photos/products/Blue-Shirt.jpg", "cartegory": 3}}, {"model": "store.product", "pk": 3, "fields": {"product_name": "Great-T-shirt", "slug": "great-t-shirt", "price": 320, "stock": 7, "description": "A very nice T-shirt", "created_date": "2022-11-23T12:56:12.040Z", "modify_date": "2022-11-23T12:56:12.040Z", "is_available": true, "images": "photos/products/Great-Tshirt.jpg", "cartegory": 5}}, {"model": "store.product", "pk": 4, "fields": {"product_name": "Jordan-shoe", "slug": "jordan-shoe", "price": 700, "stock": 5, "description": "A very nice foot-wear", "created_date": "2022-11-23T12:57:02.704Z", "modify_date": "2022-11-23T12:57:02.704Z", "is_available": true, "images": "photos/products/jordan-true-flight-basketball-shoes.jpg", "cartegory": 4}}, {"model": "store.product", "pk": 5, "fields": {"product_name": "Mavi_Jeans", "slug": "mavi_jeans", "price": 280, "stock": 8, "description": "A very nice Jean", "created_date": "2022-11-23T12:57:53.821Z", "modify_date": "2022-11-23T12:57:53.821Z", "is_available": true, "images": "photos/products/Mavi_jeans.jpg", "cartegory": 2}}, {"model": "store.product", "pk": 6, "fields": {"product_name": "Puma-shoe", "slug": "puma-shoe", "price": 690, "stock": 4, "description": "A very nice foot-wear", "created_date": "2022-11-23T12:59:00.799Z", "modify_date": "2022-11-23T12:59:00.799Z", "is_available": true, "images": "photos/products/Puma-Ferrari-Shoes.jpg", "cartegory": 4}}, {"model": "store.product", "pk": 7, "fields": {"product_name": "Us-polo", "slug": "us-polo", "price": 400, "stock": 9, "description": "A very nice Jacket", "created_date": "2022-11-23T13:00:04.860Z", "modify_date": "2022-11-23T13:00:04.860Z", "is_available": true, "images": "photos/products/US-Polo-Assn_Jacket.jpg", "cartegory": 1}}, {"model": "store.product", "pk": 8, "fields": {"product_name": "Wragler-shirt", "slug": "wragler-shirt", "price": 350, "stock": 0, "description": "A very nice shirt", "created_date": "2022-11-23T13:01:05.635Z", "modify_date": "2022-11-25T14:04:13.336Z", "is_available": true, "images": "photos/products/Wrangler-Shirt.jpg", "cartegory": 3}}, {"model": "store.variation", "pk": 1, "fields": {"product": 1, "variation_cartegory": "color", "variation_value": "Red", "is_active": true, "created_date": "2022-11-27T15:21:51.217Z"}}, {"model": "store.variation", "pk": 2, "fields": {"product": 1, "variation_cartegory": "color", "variation_value": "Purple", "is_active": true, "created_date": "2022-11-27T15:22:13.182Z"}}, {"model": "store.variation", "pk": 3, "fields": {"product": 1, "variation_cartegory": "color", "variation_value": "Crimson", "is_active": true, "created_date": "2022-11-27T15:22:30.652Z"}}, {"model": "store.variation", "pk": 4, "fields": {"product": 1, "variation_cartegory": "size", "variation_value": "Medium", "is_active": true, "created_date": "2022-11-27T15:22:46.983Z"}}, {"model": "store.variation", "pk": 5, "fields": {"product": 1, "variation_cartegory": "size", "variation_value": "Large", "is_active": true, "created_date": "2022-11-27T15:22:59.975Z"}}, {"model": "store.variation", "pk": 6, "fields": {"product": 1, "variation_cartegory": "size", "variation_value": "Small", "is_active": true, "created_date": "2022-11-27T15:23:12.962Z"}}, {"model": "cart.cart", "pk": 30, "fields": {"cart_id": "c9o5hlwi4nwca8khlx4jmhunszp3q0xm", "date_added": "2022-12-07T20:38:48.453Z"}}, {"model": "cart.cart", "pk": 31, "fields": {"cart_id": "fdf42h6g2z6f1pmbczq5361bpr60673u", "date_added": "2022-12-07T20:44:57.776Z"}}, {"model": "cart.cartitem", "pk": 54, "fields": {"user": null, "cart": 31, "product": 1, "quantity": 1, "is_active": true, "created_date": "2022-12-07T20:44:57.792Z", "variations": [1, 4]}}, {"model": "cart.cartitem", "pk": 55, "fields": {"user": 1, "cart": null, "product": 1, "quantity": 1, "is_active": true, "created_date": "2022-12-07T20:49:59.583Z", "variations": [1, 4]}}, {"model": "cart.cartitem", "pk": 57, "fields": {"user": 11, "cart": null, "product": 1, "quantity": 2, "is_active": true, "created_date": "2022-12-18T11:48:00.328Z", "variations": [1, 4]}}, {"model": "cart.cartitem", "pk": 60, "fields": {"user": 14, "cart": null, "product": 1, "quantity": 9, "is_active": true, "created_date": "2022-12-19T14:46:47.462Z", "variations": [1, 5]}}, {"model": "cart.cartitem", "pk": 61, "fields": {"user": 15, "cart": null, "product": 1, "quantity": 3, "is_active": true, "created_date": "2022-12-19T15:00:23.843Z", "variations": [2, 4]}}, {"model": "cart.cartitem", "pk": 62, "fields": {"user": 16, "cart": null, "product": 1, "quantity": 3, "is_active": true, "created_date": "2022-12-27T23:12:08.479Z", "variations": [1, 4]}}, {"model": "cart.cartitem", "pk": 63, "fields": {"user": 16, "cart": null, "product": 1, "quantity": 3, "is_active": true, "created_date": "2022-12-27T23:12:21.719Z", "variations": [3, 5]}}, {"model": "order.order", "pk": 1, "fields": {"user": 11, "payment": null, "order_number": "202212181", "first_name": "wale", "last_name": "ola", "phone_number": "08029704730", "email": "finemdomains@gmail.com", "address_line_1": "70c allen ikeja", "address_line_2": "70c allen ikeja", "country": "Nigeria", "state": "lagos", "city": "ikeja", "order_note": "good", "order_total": 612.0, "tax": 12.0, "status": "None", "ip": "127.0.0.1", "is_ordered": false, "created_at": "2022-12-18T11:48:54.717Z", "updated_at": "2022-12-18T11:48:54.757Z"}}, {"model": "order.order", "pk": 2, "fields": {"user": 15, "payment": null, "order_number": "202212192", "first_name": "chidiogo", "last_name": "ogbonna", "phone_number": "08037366294", "email": "nwadiutochidiogo@gmail.com", "address_line_1": "15 Odewale street, Alausa, Ikeja,Lagos", "address_line_2": "", "country": "Nigeria", "state": "Lagos", "city": "Ikeja", "order_note": "welcome", "order_total": 918.0, "tax": 18.0, "status": "None", "ip": "127.0.0.1", "is_ordered": false, "created_at": "2022-12-19T15:02:49.292Z", "updated_at": "2022-12-19T15:02:49.316Z"}}, {"model": "order.order", "pk": 3, "fields": {"user": 16, "payment": null, "order_number": "202212283", "first_name": "tunde", "last_name": "adegoke", "phone_number": "08165717300", "email": "adegokebabatundeolusola@gmail.com", "address_line_1": "Iju ajuwon", "address_line_2": "Bale Akinosi", "country": "Nigeria", "state": "Ogun State", "city": "Ajuwon", "order_note": "Welcome to the buyer", "order_total": 1836.0, "tax": 36.0, "status": "None", "ip": "127.0.0.1", "is_ordered": false, "created_at": "2022-12-27T23:15:10.606Z", "updated_at": "2022-12-27T23:15:10.630Z"}}, {"model": "order.order", "pk": 4, "fields": {"user": 16, "payment": null, "order_number": "202212284", "first_name": "tunde", "last_name": "adegoke", "phone_number": "08165717300", "email": "adegokebabatundeolusola@gmail.com", "address_line_1": "Iju ajuwon", "address_line_2": "Bale Akinosi", "country": "Nigeria", "state": "Ogun State", "city": "Ajuwon", "order_note": "Welcome to the buyer", "order_total": 1836.0, "tax": 36.0, "status": "None", "ip": "127.0.0.1", "is_ordered": false, "created_at": "2022-12-27T23:16:02.028Z", "updated_at": "2022-12-27T23:16:02.042Z"}}]